zip_code_cleaned,Employment_Rate,Average_Income,Demand_Classification
10001,0.5950970226633091,102878.03360298694,Normal
10002,0.5206618050654748,59604.04116465864,High
10003,0.4972437218107912,114273.04964539009,Normal
10004,0.5066608429788163,132004.3103448276,Normal
10005,0.6658334280195433,121437.7133105802,High
10006,0.6316916488222698,126377.1186440678,High
10007,0.528910205169198,138853.90428211587,Normal
10009,0.5145674278475812,77133.23353293413,Normal
10010,0.4927491514964517,116272.69881026926,Normal
10011,0.5569999212164185,120420.79207920792,Normal
10012,0.5382730015082956,111131.78633975482,Normal
10013,0.4861983499134213,106023.04469273744,Normal
10014,0.6086012015885408,124233.12883435584,High
10016,0.5652117934852582,109298.7308818744,Normal
10017,0.7773022228358415,118061.72291296624,High
10018,0.757593255572237,108746.18902439025,High
10019,0.6170789879811065,107014.96779082986,High
10021,0.5418040450765218,124193.91462306994,Normal
10022,0.5698803072708867,124320.79414838034,Normal
10023,0.5057376799683438,121776.25639482395,Normal
10024,0.4603816866855704,118313.14878892733,Normal
10025,0.4391264898750361,93258.39398919934,Normal
10026,0.4513262772768849,65380.71800810655,Normal
10027,0.3941889797282922,61675.983037779486,Normal
10028,0.5260625150381696,117822.24532224532,Normal
10029,0.4520326923585579,48339.6723229959,High
10030,0.4055264167839325,48373.42271293375,High
10031,0.4465631347880217,48674.798239178286,High
10032,0.4551917989417989,46467.4900108972,High
10033,0.4276881674643593,52235.16527279968,High
10034,0.4544142410392109,50708.04658549497,High
10035,0.3839875631558492,50944.669365722,High
10036,0.5719366311024895,94940.64443188242,Normal
10037,0.5026648552617828,57120.58212058212,High
10038,0.5059332562224221,95681.62574089757,Normal
10039,0.4219225750326228,47026.16970658208,High
10040,0.4673218335509587,50772.05882352941,High
10044,0.3992908998818166,86945.03171247357,Normal
10065,0.491266729317217,120720.64643799471,Normal
10069,0.519252276721521,133653.84615384616,Normal
10075,0.5635451505016722,120113.13056379822,Normal
10128,0.5517241379310345,111992.48721227625,Normal
10162,0.4990151017728168,137335.52631578947,Normal
10280,0.4692977496324776,134397.5903614458,Normal
10282,0.3286821705426356,152181.6037735849,Normal
10301,0.4564726885026406,66913.36230309615,Normal
10302,0.4766521247374374,57217.51412429378,High
10303,0.4733596721190414,52778.861154446175,High
10304,0.4645149786019971,61216.41074856045,Normal
10305,0.496553031200398,64277.19465648855,Normal
10306,0.5132309005548442,73657.31115731115,Normal
10307,0.4662826160623517,86900.43604651163,Normal
10308,0.4721529509559434,81452.4647887324,Normal
10309,0.4602763385146804,85576.92307692306,Normal
10310,0.4500933724608407,67453.42929720576,Normal
10312,0.4781560663589242,83484.34925864909,Normal
10314,0.448836839595146,74144.03778040141,Normal
10451,0.4843016117401726,40553.319919517104,High
10452,0.4703398453398453,35306.24661979448,High
10453,0.4718542016545375,34474.69021882415,High
10454,0.389063374966523,35661.76470588235,High
10455,0.4238395673726904,35785.48644338118,High
10456,0.4558848433530906,34503.467062902426,High
10457,0.4239698309883859,34633.56973995271,High
10458,0.4262318875638017,35868.3314415437,High
10459,0.4231775844815642,36056.161891768985,High
10460,0.4476040900888859,36095.55804404629,High
10461,0.4883227176220807,57890.49919484702,High
10462,0.508481160170918,49331.55080213904,High
10463,0.4826732673267326,65918.80341880342,Normal
10464,0.5009319664492078,84418.6046511628,Normal
10465,0.4288398004793677,67554.12890231621,Normal
10466,0.4438725388457654,47724.43890274314,High
10467,0.459412640685624,42034.178610804855,High
10468,0.445348108652653,37413.79310344827,High
10469,0.4493334446578164,53108.54753793744,High
10470,0.4899285250162443,58968.83289124668,High
10471,0.4347256204124432,91633.16582914571,Normal
10472,0.4482024416770063,37918.66028708134,High
10473,0.4711501655932231,46564.81808548216,High
10474,0.4441489361702128,35229.54091816367,High
10475,0.5172691132201209,56136.16170590848,High
10501,0.4943502824858757,105178.57142857142,Normal
10502,0.4995648389904265,120470.38327526132,Normal
10504,0.4921088604448863,128945.70707070708,Normal
10505,0.7243816254416962,92225.60975609758,High
10506,0.444794952681388,126241.13475177305,Normal
10507,0.4216773387474621,85787.03703703704,Normal
10509,0.5163372327551432,84375.0,Normal
10510,0.4781983708672736,124123.246492986,Normal
10511,0.5173169662428759,82944.91525423728,Normal
10512,0.5429584432717678,85317.00835231587,Normal
10514,0.4258957021838812,136587.5912408759,Normal
10516,0.4923903312444047,99500.0,Normal
10518,0.8554216867469879,113556.338028169,High
10520,0.5109777286368662,103052.55023183924,Normal
10522,0.4614181438998957,107674.19962335218,Normal
10523,0.5367983810842475,75297.61904761905,Normal
10524,0.4926335174953959,102978.9719626168,Normal
10526,0.4951005673027334,105338.54166666666,Normal
10527,0.6907894736842105,115178.57142857142,High
10528,0.4463750748951468,100964.76510067114,Normal
10530,0.5131298793470547,105584.37067773168,Normal
10532,0.5119047619047619,101162.79069767444,Normal
10533,0.510286951813752,121352.7851458886,Normal
10535,0.99,74038.46153846153,High
10536,0.4853199962952672,118916.9847328244,Normal
10537,0.4120229652144546,77254.09836065574,Normal
10538,0.4663447884123828,127009.74421437272,Normal
10541,0.507351814979323,91301.88679245285,Normal
10543,0.4652037028335135,95909.09090909093,Normal
10546,0.6947162426614482,120246.47887323944,High
10547,0.4983692106979778,87107.32984293194,Normal
10548,0.382366171839856,86397.05882352941,Normal
10549,0.529746835443038,92114.69534050178,Normal
10550,0.4828687645047788,48113.69509043928,High
10552,0.5004751346214761,77373.41772151898,Normal
10553,0.5481664449933498,58578.856152513,High
10560,0.4562814070351759,104955.94713656387,Normal
10562,0.4830341701950026,78564.81481481482,Normal
10566,0.5062792803432936,63870.52877138414,Normal
10567,0.5107379540584982,97280.48780487804,Normal
10570,0.4624848116646415,112294.74548440066,Normal
10573,0.4740027710931233,73685.89743589744,Normal
10576,0.5175563223056627,125196.07843137256,Normal
10577,0.2473555736371033,125904.6052631579,Normal
10578,0.2348993288590604,91964.28571428572,Normal
10579,0.5580712275119325,95230.26315789472,Normal
10580,0.4624661171654589,125284.09090909093,Normal
10583,0.4617218478604617,127798.99894625922,Normal
10588,0.4065533980582524,91138.05970149252,Normal
10589,0.666294175164129,108700.20964360586,High
10590,0.4401242068313757,113611.96319018403,Normal
10591,0.5110404817664771,87684.12438625205,Normal
10594,0.4851752021563342,100277.77777777778,Normal
10595,0.456120892832386,105585.10638297872,Normal
10597,0.7476635514018691,135677.0833333333,High
10598,0.5091859905043694,102525.33783783784,Normal
10601,0.5351559010095596,83222.0367278798,Normal
10603,0.5213368678205728,80059.82053838484,Normal
10604,0.5136028476989576,87458.74587458746,Normal
10605,0.5212121212121212,104251.45348837208,Normal
10606,0.5374642400633027,71206.11551528878,Normal
10607,0.6135422826729746,90000.0,High
10701,0.4483184383819379,55344.26229508197,High
10703,0.4625503925312964,62190.366972477066,Normal
10704,0.5431900857019545,71318.10442678774,Normal
10705,0.4848048171688839,53397.02760084926,High
10706,0.4918394353771504,116423.7668161435,Normal
10707,0.520129297678519,101553.67231638418,Normal
10708,0.5023235229032972,109944.93392070485,Normal
10709,0.5057015369360436,102549.01960784312,Normal
10710,0.5513621211540672,82270.67407922167,Normal
10801,0.4800594382130189,67866.94957563655,Normal
10803,0.4524580290597004,118323.62728785358,Normal
10804,0.4768555466879489,125645.04881450487,Normal
10805,0.4456018518518518,72483.76623376623,Normal
10901,0.4431720134912542,87057.52212389381,Normal
10913,0.4918653045781309,101730.76923076923,Normal
10916,0.5241844769403825,92274.678111588,Normal
10917,0.553580497714576,80963.30275229357,Normal
10918,0.4863396971691902,84708.12182741116,Normal
10919,0.4777070063694267,75625.0,Normal
10920,0.5334108076699593,92320.26143790848,Normal
10921,0.5435801312089972,79525.86206896552,Normal
10923,0.5903313932771113,69642.85714285714,Normal
10924,0.4776226279985678,87706.14692653673,Normal
10925,0.5508284818629646,79522.35772357724,Normal
10926,0.4937324123816833,72992.22797927461,Normal
10927,0.5070812306690542,48936.59711075442,High
10928,0.4377880184331797,64747.807017543855,Normal
10930,0.4183614177803602,85937.5,Normal
10940,0.5089387306423929,61566.8813944676,Normal
10941,0.5309612467245897,67564.93506493507,Normal
10950,0.3055022138991605,71012.98701298701,Normal
10952,0.2765791744722052,66818.87366818874,Normal
10954,0.4552869105013231,84852.70700636943,Normal
10956,0.5293122519357147,100368.77688998156,Normal
10958,0.5641025641025641,78560.60606060605,Normal
10960,0.5336802137533398,86907.11462450594,Normal
10962,0.5229268292682927,96595.14925373136,Normal
10963,0.2967563837129054,75290.69767441861,Normal
10964,0.4721311475409836,108854.16666666666,Normal
10965,0.513213328226733,96688.4328358209,Normal
10968,0.5052546483427648,108200.0,Normal
10969,0.6606606606606606,78409.09090909091,High
10970,0.4675481807968196,78904.80591497227,Normal
10973,0.4857621440536013,85129.3103448276,Normal
10974,0.5247376311844077,84500.0,Normal
10975,0.6504065040650406,63281.25,High
10976,0.4134241245136186,77205.88235294117,Normal
10977,0.350223230104174,54143.05949008499,High
10980,0.5232812728068895,83856.34588563458,Normal
10983,0.5432098765432098,100324.67532467532,Normal
10984,0.4417018512504059,86029.41176470589,Normal
10985,0.99,76666.66666666667,High
10986,0.6278613472858077,87239.58333333333,High
10987,0.5381990023628249,90975.60975609756,Normal
10989,0.561784764767079,95961.9341563786,Normal
10990,0.4871632484045403,91337.5,Normal
10992,0.4803578374173473,82287.44939271254,Normal
10993,0.5614183199662305,55498.12030075188,High
10994,0.6119238634576057,102152.95629820052,High
10996,0.1988725336673974,79921.25984251969,Normal
10998,0.4763246899661781,89644.97041420118,Normal
11001,0.5547478766546791,87465.51724137932,Normal
11003,0.52299273913501,62972.83702213279,Normal
11004,0.4330658514838874,76746.32352941176,Normal
11005,0.671264367816092,121318.49315068494,High
11010,0.5052230981321114,83041.89085318986,Normal
11020,0.5093572009764036,100918.5303514377,Normal
11021,0.4846353768536921,105467.92849631966,Normal
11023,0.4423136405815032,103758.74125874128,Normal
11024,0.3701263042284459,98961.4243323442,Normal
11030,0.5248136067101584,124556.0488346282,Normal
11040,0.5327479829140959,93346.32516703788,Normal
11042,0.99,121250.0,High
11050,0.4783834586466165,104821.54551407987,Normal
11096,0.4337827950245636,48554.21686746989,High
11101,0.7491467078969631,91603.38785046728,High
11102,0.7052347704015663,67476.42744892614,High
11103,0.570614640883978,63495.96570852244,Normal
11104,0.5423363896209956,66906.22861054073,Normal
11105,0.494375064506141,68860.90814196243,Normal
11106,0.5358475546047067,66533.1940575673,Normal
11109,0.4807692307692308,133892.85714285713,Normal
11201,0.5013260698157839,117507.86388332857,Normal
11203,0.4558887218811301,50698.51913942442,High
11204,0.4242010549177785,51748.09830310123,High
11205,0.3720264711142908,72222.22222222222,Normal
11206,0.4193487420649479,51560.84305408271,High
11207,0.4408012313922377,42837.47363487227,High
11208,0.4160658162322055,40213.28593645857,High
11209,0.4763827772517128,74627.30195849166,Normal
11210,0.4523381578532463,61197.28128267689,Normal
11211,0.4857199554273328,82047.45443117537,Normal
11212,0.4430635906959027,39632.59000537345,High
11213,0.4152984912701971,49651.68930686173,High
11214,0.462905854883475,51150.96359743041,High
11215,0.4547726830893993,107133.58778625954,Normal
11216,0.4627002068202587,65817.74081774082,Normal
11217,0.4818213497502613,102531.34040501446,Normal
11218,0.450639679205652,65583.38377723971,Normal
11219,0.3723329323927484,44299.33061699651,High
11220,0.5679081369344573,37017.22832260508,High
11221,0.4477399272217107,53503.67197062424,High
11222,0.5795151605750305,89192.82029234737,Normal
11223,0.4192827630971253,55444.3286692468,High
11224,0.4267847075773077,50012.23091976516,High
11225,0.5012312743689719,59241.72637325145,High
11226,0.5098314745727489,51581.9099378882,High
11228,0.4751561227260386,60916.66666666667,Normal
11229,0.4655463635354893,63066.07521186441,Normal
11230,0.4063383012909302,61947.777474775015,Normal
11231,0.4365293981302635,99623.89380530972,Normal
11232,0.4392792408572342,52851.94174757282,High
11233,0.3807518796992481,50900.47393364929,High
11234,0.4677914110429448,69030.64861012118,Normal
11235,0.4909171893245374,60106.056890632666,Normal
11236,0.4596231090505785,53505.434782608696,High
11237,0.496789097768264,49178.7542662116,High
11238,0.5390459455269007,91554.80984340044,Normal
11239,0.4854831032841504,46691.17647058824,High
11354,0.5967660339884956,45820.25117739404,High
11355,0.6658280394993396,36375.87379557906,High
11356,0.4885639837869137,47101.851851851854,High
11357,0.4900448681996635,74928.46924177397,Normal
11358,0.5471883549818046,59587.37864077671,High
11360,0.5198032354581875,88817.0731707317,Normal
11361,0.4867316544814514,69375.86926286509,Normal
11362,0.4938673613372408,80604.3956043956,Normal
11363,0.4738628649015614,89290.83094555873,Normal
11364,0.4876193473927185,71153.84615384616,Normal
11365,0.4822936412200586,59569.00401965163,High
11366,0.5124826121970861,69285.71428571429,Normal
11367,0.4481818601857413,58402.06185567011,High
11368,0.4437250554323725,37360.08394963022,High
11369,0.5789849892780558,45303.27428878153,High
11370,0.4974435449510013,52810.49250535332,High
11372,0.5135744242623245,55456.262714327226,High
11373,0.5095597263637959,43863.54943583859,High
11374,0.4956595384289646,68042.50320375909,Normal
11375,0.4668138063075041,89112.78837937908,Normal
11377,0.5281856122883061,52190.35698737484,High
11378,0.4652229299363057,60131.43483023002,Normal
11379,0.4754188337994302,72842.22100054976,Normal
11385,0.4682480264591882,56635.8024691358,High
11411,0.487130198321534,61994.70644850818,Normal
11412,0.4769295198679575,53815.85743801653,High
11413,0.4780067808708065,58580.26131591227,High
11414,0.44017910054652,76196.70905011219,Normal
11415,0.4636967757814423,71841.82590233546,Normal
11416,0.4695257969345902,44281.6091954023,High
11417,0.5,53020.833333333336,High
11418,0.4809875512174753,50623.98263700488,High
11419,0.5326846307385229,43174.27790788446,High
11420,0.4770003714347154,50056.3524590164,High
11421,0.504909510974201,48021.92564346997,High
11422,0.5034679217240525,58648.52398523985,High
11423,0.50867283847465,54796.32063074902,High
11426,0.4814270511326204,70276.31578947368,Normal
11427,0.4696867431611545,65363.48267117498,Normal
11428,0.5098701033036719,56970.91273821464,High
11429,0.4711797450170587,52782.01219512196,High
11432,0.4386319785896558,53037.4246186591,High
11433,0.4464170847806509,44920.7492795389,High
11434,0.4823853803056525,52329.7354819094,High
11435,0.4519604409532863,51125.46125461255,High
11436,0.4730900744765562,49839.10891089109,High
11501,0.5327983577493701,85836.25218914186,Normal
11507,0.5484460694698354,100000.0,Normal
11509,0.7491082045184304,111706.3492063492,High
11510,0.542343883661249,79843.58569926393,Normal
11514,0.503968253968254,89222.44094488189,Normal
11516,0.3952662721893491,92140.71856287424,Normal
11518,0.5731494074217991,91313.55932203388,Normal
11520,0.5564221410107852,59671.60592711253,High
11530,0.5293012372815259,118536.503683858,Normal
11542,0.4976800137480667,73920.92541436464,Normal
11545,0.5096121975472323,111361.78861788617,Normal
11548,0.3228699551569506,91840.27777777778,Normal
11550,0.4964726049976923,48862.8818061089,High
11552,0.5099258917943401,81212.34939759035,Normal
11553,0.5443591766477802,50782.27931488801,High
11554,0.5434664640764054,86064.6530204693,Normal
11557,0.4933655006031363,101589.24205378973,Normal
11558,0.5323325635103926,79934.9240780911,Normal
11559,0.4306000916170407,99867.02127659574,Normal
11560,0.4784892801363055,102707.71513353116,Normal
11561,0.5026448200232229,93640.9137577002,Normal
11563,0.5259578326909998,89795.25862068965,Normal
11565,0.5336735826029069,103404.36590436591,Normal
11566,0.5389098186955498,105126.97979246314,Normal
11568,0.4166666666666667,120575.84269662922,Normal
11570,0.509518080815229,105026.04166666666,Normal
11572,0.5440405860952572,94654.90797546013,Normal
11575,0.5135587896555335,48674.82161060143,High
11576,0.5261474492243723,122264.4376899696,Normal
11577,0.5016533591418663,106933.27974276528,Normal
11579,0.5057289608850257,108300.78125,Normal
11580,0.5380680247027376,73163.81156316918,Normal
11581,0.5010979358805446,86985.10078878177,Normal
11590,0.5478509311588914,70964.97906357062,Normal
11596,0.532319391634981,100491.07142857143,Normal
11598,0.4135985135228133,110045.75707154744,Normal
11691,0.3319832302991544,47078.33904109589,High
11692,0.369752684672958,50110.01100110011,High
11693,0.4300044254314795,61620.92624356775,Normal
11694,0.4071048283458784,84441.93912063134,Normal
11697,0.6183476938672073,100870.90163934426,High
11701,0.5535624596398077,63933.89500972133,Normal
11702,0.5561093705497009,98351.47247119078,Normal
11703,0.552429080050534,76169.43866943866,Normal
11704,0.5428521117903051,71373.95736793327,Normal
11705,0.5303841122606731,97813.90134529148,Normal
11706,0.5266133838653972,62169.90713871155,Normal
11709,0.5530090196658288,93114.97326203209,Normal
11710,0.5195994277539342,96386.2885462555,Normal
11713,0.6378439079169006,66791.37323943662,High
11714,0.5605061486366066,83813.59300476947,Normal
11715,0.6339144215530903,100052.08333333334,High
11716,0.5677982926345047,83194.93006993007,Normal
11717,0.5270205790453909,46812.93808411215,High
11718,0.5469977994341402,112212.64367816094,Normal
11719,0.4631997726626882,90184.0490797546,Normal
11720,0.5230705991162264,78700.06548788474,Normal
11721,0.5236717917491247,110901.16279069768,Normal
11722,0.5632966083387341,51929.53020134228,High
11724,0.5880306193458594,121079.88165680472,Normal
11725,0.5338437445623804,98549.54367666232,Normal
11726,0.5399156806745546,55373.63560033585,High
11727,0.5236542684143989,71013.34180432021,Normal
11729,0.5994437763078774,72742.94670846395,Normal
11730,0.5597120271033315,91819.0416141236,Normal
11731,0.5235397538581754,94574.00497512438,Normal
11732,0.5386350817822899,103730.3664921466,Normal
11733,0.5195330559408229,107341.49054505004,Normal
11735,0.5428536495904145,82861.76801801802,Normal
11738,0.4388105792698112,76660.04540295119,Normal
11740,0.4368755676657584,97479.20997921,Normal
11741,0.5309061957151129,84909.67961826858,Normal
11742,0.5197798929208804,82993.56223175966,Normal
11743,0.5484875552229438,103036.97183098592,Normal
11746,0.5274670056012888,82848.83720930232,Normal
11747,0.5799540933435348,104056.72823218998,Normal
11749,0.54652466367713,69871.79487179487,Normal
11751,0.5918080142211688,85309.76220275344,Normal
11752,0.5881711043212571,79730.98330241187,Normal
11753,0.492855505463437,112131.78294573644,Normal
11754,0.5371385166295914,92297.9797979798,Normal
11755,0.528338922057741,86842.1052631579,Normal
11756,0.5461739560517205,82007.33074601121,Normal
11757,0.5399050618872278,73587.71569433031,Normal
11758,0.5440859024741241,94409.12173618175,Normal
11762,0.5320855614973262,100554.85762144052,Normal
11763,0.5210818074920208,71437.78207607995,Normal
11764,0.5113681063645661,97788.46153846152,Normal
11765,0.480225988700565,123161.76470588236,Normal
11766,0.5663994423143952,99173.07692307692,Normal
11767,0.5154212378389568,94879.51807228915,Normal
11768,0.5320395631181737,107389.8678414097,Normal
11769,0.5594097566347318,93971.4566929134,Normal
11771,0.520460866110449,101956.106870229,Normal
11772,0.516043665233212,71971.15384615384,Normal
11776,0.5493594261785314,74745.28301886792,Normal
11777,0.5347304742357135,99267.67676767678,Normal
11778,0.5289692701664532,79538.57791225417,Normal
11779,0.5293113261240752,76973.36265884654,Normal
11780,0.5301914580265096,100317.02898550723,Normal
11782,0.5544895123403693,97106.20525059666,Normal
11783,0.5233619273590071,97231.90932868353,Normal
11784,0.5168141592920354,70300.6088280061,Normal
11786,0.507699344412258,96996.996996997,Normal
11787,0.530690537084399,97898.41182913473,Normal
11788,0.5188928718340483,94110.9852774632,Normal
11789,0.5380683346785041,80000.0,Normal
11790,0.3640701172077585,98005.698005698,Normal
11791,0.4904217549061683,110700.07955449482,Normal
11792,0.5165794066317626,97381.75675675676,Normal
11793,0.5511096711485501,98794.82657260436,Normal
11795,0.5153996101364522,95215.58245083208,Normal
11796,0.4996096799375488,92317.70833333334,Normal
11797,0.5454743018580898,118949.203187251,Normal
11798,0.5028602560610188,52085.59046587216,High
11801,0.5587723687659352,72526.65245202558,Normal
11803,0.5030034985807644,107390.09186351708,Normal
11804,0.5671843349088453,110267.85714285712,Normal
11901,0.4416950201051655,59593.837535014005,High
11933,0.5433691756272402,76187.33509234828,Normal
11934,0.5592697351504242,87873.5632183908,Normal
11935,0.6919564453811029,99111.67512690356,High
11937,0.4681558935361217,88515.22842639594,Normal
11939,0.3708439897698209,94612.06896551725,Normal
11940,0.5346027096301721,90025.68493150684,Normal
11941,0.5816285599679102,94310.3448275862,Normal
11942,0.4928825622775801,88628.15884476533,Normal
11944,0.4980204209210252,79393.30543933055,Normal
11946,0.4669749386310441,72249.38875305624,Normal
11948,0.99,89642.85714285713,High
11949,0.5904198878278005,85349.80744544289,Normal
11950,0.5171255876427132,58840.02361275089,High
11951,0.4576123989578462,57116.78832116789,High
11952,0.4951252150640413,90588.80308880308,Normal
11953,0.5196700970732063,69662.92134831462,Normal
11954,0.6200832947709394,82229.4776119403,High
11955,0.5950297514875744,75441.17647058824,Normal
11957,0.3852459016393442,107180.8510638298,Normal
11958,0.5375139977603584,83854.16666666667,Normal
11961,0.5591954898674387,75357.62942779291,Normal
11963,0.4961515689757252,99940.33412887828,Normal
11967,0.513030528667163,65339.25979680697,Normal
11968,0.4396975702855465,93614.3572621035,Normal
11971,0.5074769328666878,93495.29780564262,Normal
11976,0.5211325400082069,112204.7244094488,Normal
11977,0.4789833822091887,95238.09523809524,Normal
11978,0.5316200554295792,87203.79146919432,Normal
11980,0.5968118195956454,84609.12052117265,Normal
12008,0.6088992974238876,78846.15384615384,High
12009,0.4806536890170632,86375.0,Normal
12010,0.5012310292874729,56250.00000000001,High
12015,0.4135429262394196,81140.35087719298,Normal
12017,0.4057279236276849,76470.58823529413,Normal
12018,0.5493150684931507,83821.6957605985,Normal
12019,0.5530104712041884,93461.53846153848,Normal
12020,0.5192213126609008,77806.40668523677,Normal
12022,0.394990366088632,64329.26829268293,Normal
12023,0.4338668913226621,72815.53398058254,Normal
12025,0.526615969581749,68050.54151624549,Normal
12027,0.4877474081055608,92149.75845410628,Normal
12028,0.5268022181146026,67105.26315789473,Normal
12029,0.5650857719475277,88392.85714285713,Normal
12032,0.6648575305291723,67857.14285714286,High
12033,0.5353403141361257,80378.97310513447,Normal
12035,0.7851239669421488,56907.89473684211,High
12036,0.4545454545454545,57500.0,High
12037,0.4530982120989468,68581.08108108108,Normal
12041,0.7836990595611285,75000.0,High
12042,0.7070707070707071,64880.95238095238,High
12043,0.4288120222826791,61367.06948640484,Normal
12046,0.674373795761079,73214.28571428571,High
12047,0.4846949727385909,65744.02125775022,Normal
12051,0.2892561983471074,68071.42857142857,Normal
12052,0.4002026342451874,77689.87341772151,Normal
12053,0.5196332000940512,81278.28054298642,Normal
12054,0.5330979699911739,97130.24282560706,Normal
12056,0.5569245933957615,81526.54867256638,Normal
12057,0.4106159238858287,63414.63414634147,Normal
12058,0.6018916595012898,62500.0,High
12059,0.5645730416372619,80312.5,Normal
12060,0.3861003861003861,87142.85714285713,Normal
12061,0.4931722173101483,85931.27490039842,Normal
12062,0.5174488567990373,74127.90697674418,Normal
12063,0.4597701149425287,85714.28571428571,Normal
12064,0.8661417322834646,50000.0,High
12065,0.5226308821219398,83914.7702876771,Normal
12066,0.5288985823336968,69329.8969072165,Normal
12067,0.5078929306794784,75844.5945945946,Normal
12068,0.5261060183339976,60037.878787878784,Normal
12070,0.276110444177671,68297.10144927536,Normal
12071,0.6451612903225806,42857.142857142855,High
12072,0.427807486631016,64648.4375,Normal
12074,0.5074424898511503,77166.66666666666,Normal
12075,0.5128205128205128,79243.82716049382,Normal
12076,0.4799370574350904,65778.68852459016,Normal
12077,0.5168838862559242,94878.223495702,Normal
12078,0.432509505703422,52572.427572427565,High
12083,0.4974358974358974,70489.69072164949,Normal
12084,0.4714933912014204,77405.85774058578,Normal
12085,0.6666666666666666,46323.52941176471,High
12086,0.5825242718446602,68489.58333333334,Normal
12087,0.4925723221266614,67857.14285714286,Normal
12090,0.4773434797647872,60552.536231884056,Normal
12092,0.3491271820448878,61160.71428571429,Normal
12093,0.5270758122743683,59760.27397260274,High
12094,0.4185351270553064,69084.82142857142,Normal
12095,0.4449388209121245,58839.285714285725,High
12106,0.5895900506678949,80664.0625,Normal
12108,0.5392156862745098,65340.90909090909,Normal
12110,0.5495340356564019,78732.71889400922,Normal
12116,0.5921539600296077,60156.25,Normal
12117,0.5486008836524301,63087.24832214764,Normal
12118,0.5127740532705201,77311.542991755,Normal
12120,0.4251968503937008,65277.77777777777,Normal
12121,0.4028837998303647,78026.3157894737,Normal
12122,0.5411436541143654,61082.47422680413,Normal
12123,0.534629404617254,74100.37878787878,Normal
12125,0.7051282051282052,61363.63636363637,High
12130,0.99,66037.73584905661,High
12134,0.4321561338289962,67809.13978494624,Normal
12136,0.5443037974683544,92151.16279069768,Normal
12137,0.4373464373464373,73174.1573033708,Normal
12138,0.4962354551676933,66637.93103448275,Normal
12139,0.4545454545454545,70192.30769230769,Normal
12140,0.623229461756374,83096.59090909091,High
12143,0.4464449751975013,66666.66666666666,Normal
12144,0.5062362435803375,69984.14855072463,Normal
12147,0.7038834951456311,72413.79310344828,High
12148,0.565088080530771,100809.71659919027,Normal
12149,0.4755434782608695,56071.42857142857,High
12150,0.7809847198641766,66847.82608695651,High
12151,0.6084959816303099,88207.54716981133,High
12153,0.6543385490753911,83967.39130434784,High
12154,0.524822695035461,73817.56756756757,Normal
12155,0.4519450800915331,55696.20253164557,High
12156,0.5054151624548736,79166.66666666666,Normal
12157,0.4263226934849147,65000.0,Normal
12158,0.5508684863523573,79466.96696696695,Normal
12159,0.5448458963407595,103389.83050847458,Normal
12160,0.539568345323741,66944.44444444444,Normal
12164,0.5567010309278351,65277.77777777777,Normal
12165,0.99,96022.72727272728,High
12166,0.4451827242524916,55037.31343283582,High
12167,0.4515327257663629,57339.4495412844,High
12168,0.5202973127501429,66895.6043956044,Normal
12169,0.5013192612137203,71052.63157894736,Normal
12170,0.4803827751196172,73207.17131474103,Normal
12173,0.4023552502453386,69207.31707317074,Normal
12175,0.5285714285714286,62162.16216216217,Normal
12176,0.3825136612021858,67857.14285714286,Normal
12180,0.4441801252625123,61354.60251046026,Normal
12182,0.4753211629479378,56774.53769559033,High
12183,0.5020215633423181,57634.22818791946,High
12184,0.4774972557628979,78053.16091954023,Normal
12185,0.5434173669467787,73195.8762886598,Normal
12186,0.5391304347826087,93621.70087976538,Normal
12187,0.5420827389443652,60197.36842105263,Normal
12188,0.4993542832544124,73362.06896551725,Normal
12189,0.4929310438221115,61428.57142857143,Normal
12190,0.5772230889235569,60472.97297297298,Normal
12192,0.4879679144385027,66952.05479452055,Normal
12193,0.6272401433691757,73809.5238095238,High
12196,0.3869499241274658,85947.71241830065,Normal
12197,0.5125576627370579,65500.0,Normal
12198,0.5608391608391609,80112.21945137157,Normal
12202,0.4247422680412371,37166.26213592233,High
12203,0.4527745948600425,72107.73680404916,Normal
12204,0.4617323556370302,64454.094292803966,Normal
12205,0.5587078226660614,67594.78672985782,Normal
12206,0.4448049753261678,40102.58358662614,High
12207,0.4450149764655541,50360.57692307692,High
12208,0.4367001037703217,66769.80198019801,Normal
12209,0.4900738467440299,55650.68493150685,High
12210,0.4699686012356933,47252.15517241379,High
12211,0.4579749509582013,98887.97364085668,Normal
12302,0.5172846140068064,76791.89750692522,Normal
12303,0.514487870619946,67943.68041912247,Normal
12304,0.476233961919547,52301.05465004794,High
12305,0.333718578445536,50378.78787878788,High
12306,0.5224445646295295,65381.29744651483,Normal
12307,0.3815337657382678,30083.33333333333,High
12308,0.4496415396394515,49206.65634674922,High
12309,0.4704188167526701,92123.72448979592,Normal
12401,0.4795378223006432,62344.213649851634,Normal
12404,0.4477225672877847,77456.64739884392,Normal
12405,0.5636363636363636,58064.51612903226,High
12406,0.5084745762711864,60000.0,High
12407,0.99,44642.857142857145,High
12409,0.5845511482254697,87053.57142857143,Normal
12410,0.486322188449848,75781.25,Normal
12411,0.7427055702917772,64285.71428571428,High
12412,0.5772811918063314,68951.61290322582,Normal
12413,0.4675572519083969,57397.95918367347,High
12414,0.4769001490312965,62656.25,Normal
12418,0.8163265306122449,60937.5,High
12419,0.3859250851305335,79411.76470588235,Normal
12421,0.8928571428571429,89375.0,High
12422,0.3266331658291457,63461.53846153846,Normal
12423,0.4302788844621514,56018.51851851851,High
12424,0.4597701149425287,65625.0,Normal
12427,0.2341463414634146,51041.66666666667,High
12428,0.3910693970420933,53636.36363636363,High
12430,0.3504847129008203,62765.95744680851,Normal
12431,0.4336043360433604,68593.75,Normal
12433,0.3821656050955414,89062.5,Normal
12434,0.3150406504065041,50000.0,High
12435,0.7359307359307359,65441.17647058824,High
12439,0.5723905723905723,59558.82352941177,High
12440,0.6831882116543871,79166.66666666667,High
12442,0.7098765432098766,67934.78260869565,High
12443,0.5750977107761027,84951.45631067961,Normal
12444,0.3159851301115242,84558.82352941178,Normal
12446,0.4965263588067021,69804.5267489712,Normal
12448,0.8450704225352113,75000.0,High
12449,0.5136235515189477,61432.9268292683,Normal
12451,0.8333333333333334,61925.28735632184,High
12454,0.2631578947368421,61458.33333333333,Normal
12455,0.430939226519337,65705.1282051282,Normal
12456,0.5357142857142857,53846.15384615384,High
12457,0.2883865939204988,77027.02702702704,Normal
12458,0.3113396172522136,57683.48623853212,High
12460,0.6511627906976745,61607.142857142855,High
12461,0.6272793581327498,77180.23255813953,High
12463,0.5667412378821775,69243.42105263157,Normal
12464,0.4117108874656907,68611.11111111111,Normal
12465,0.2604166666666667,55000.0,High
12466,0.748792270531401,68709.67741935483,High
12468,0.430188679245283,59649.12280701754,High
12469,0.423412204234122,66544.11764705883,Normal
12470,0.3084832904884318,59375.0,High
12472,0.7221750212404418,67058.82352941176,High
12473,0.7692307692307693,70833.33333333334,High
12474,0.6074766355140186,67067.30769230769,High
12477,0.4860699466508595,68445.12195121952,Normal
12480,0.7716049382716049,59000.0,High
12481,0.4554588077695914,72977.9411764706,Normal
12482,0.6181818181818182,48897.05882352941,High
12484,0.4358138155944263,83843.53741496598,Normal
12485,0.5752212389380531,64663.46153846154,Normal
12486,0.4488636363636363,77373.41772151898,Normal
12487,0.3837357052096569,68791.39072847682,Normal
12491,0.5002428363283147,75000.0,Normal
12492,0.7182320441988951,72115.38461538462,High
12494,0.3815028901734104,82196.9696969697,Normal
12495,0.99,94166.66666666669,High
12496,0.5339435545385202,73392.85714285714,Normal
12498,0.5414847161572053,86895.16129032258,Normal
12501,0.4838709677419355,69285.71428571429,Normal
12502,0.4620749782040104,81367.9245283019,Normal
12503,0.3939008894536213,79032.25806451612,Normal
12508,0.4751461988304093,75068.68131868132,Normal
12513,0.99,77412.28070175438,High
12514,0.4697986577181208,94553.57142857142,Normal
12515,0.5105296745373324,64375.0,Normal
12516,0.4195804195804196,70032.05128205128,Normal
12517,0.5208333333333334,69375.0,Normal
12518,0.5101518512199283,88043.47826086955,Normal
12520,0.5505181347150259,92352.9411764706,Normal
12521,0.4604853764779091,80743.24324324325,Normal
12522,0.4963350785340314,65189.87341772152,Normal
12523,0.458207452165156,67719.78021978022,Normal
12524,0.5291818822474214,83171.91283292978,Normal
12525,0.99,78600.54347826088,High
12526,0.545609548167093,73372.39583333334,Normal
12528,0.5360083844886959,75715.78212290502,Normal
12529,0.5574912891986062,79882.8125,Normal
12531,0.6254826254826255,87191.35802469136,High
12533,0.5150672406567869,92242.97337278108,Normal
12534,0.4502023381294964,63046.1922596754,Normal
12538,0.4834352338973411,71488.97058823529,Normal
12540,0.4227170054856405,92557.25190839695,Normal
12542,0.5591985428051002,77728.01302931597,Normal
12543,0.5039872408293461,62500.0,Normal
12545,0.493253704932537,86659.19282511211,Normal
12546,0.5370370370370371,68362.06896551725,Normal
12547,0.500457735733903,71951.21951219512,Normal
12548,0.6890130353817505,73648.64864864865,High
12549,0.5021156558533145,81741.57303370786,Normal
12550,0.4893148509132914,61766.87569162671,Normal
12553,0.5056733189828159,72709.23520923521,Normal
12561,0.4041685046316718,79791.95088676672,Normal
12563,0.4914835522038747,75992.06349206349,Normal
12564,0.4688311688311688,86391.96675900277,Normal
12565,0.4618345093008338,54513.88888888888,High
12566,0.4489401144515193,72868.04308797127,Normal
12567,0.5624201107797188,74337.12121212122,Normal
12569,0.5414974487139436,79254.80769230769,Normal
12570,0.5344503827820309,90675.67567567568,Normal
12571,0.5208446128857607,81003.11850311852,Normal
12572,0.5028534510606224,91622.0556745182,Normal
12575,0.8017676767676768,87204.72440944883,High
12577,0.7280927835051546,88053.09734513274,High
12578,0.5458823529411765,87068.96551724138,Normal
12580,0.4126426690079016,82114.36170212766,Normal
12581,0.5095541401273885,81610.57692307692,Normal
12582,0.3858625162127108,92489.49579831932,Normal
12583,0.6004366812227074,72045.45454545453,High
12585,0.5344418052256532,90000.0,Normal
12586,0.5163255741290423,70612.70801815431,Normal
12589,0.3676470588235294,73003.47222222222,Normal
12590,0.5239569752281616,77961.3789528253,Normal
12592,0.3988803358992302,62500.0,Normal
12594,0.4979353898469759,69268.29268292684,Normal
12601,0.4337161589069986,56388.742071881614,High
12603,0.5268269572426862,79648.15647482015,Normal
12701,0.4121143958868895,49512.67056530213,High
12719,0.4151943462897526,77127.65957446808,Normal
12721,0.4115853658536585,66358.02469135802,Normal
12723,0.4279279279279279,70394.73684210527,Normal
12725,0.4334365325077399,71428.57142857142,Normal
12726,0.3905674281503316,70283.01886792453,Normal
12729,0.5788712011577424,59218.75,High
12732,0.4578313253012048,71381.57894736841,Normal
12733,0.1402805611222445,44196.42857142857,High
12734,0.5019685039370079,50000.0,High
12737,0.5415384615384615,73437.5,Normal
12738,0.3342618384401114,54166.66666666666,High
12740,0.5545722713864307,71542.55319148935,Normal
12741,0.7738095238095238,61538.46153846154,High
12742,0.7731958762886598,60000.0,High
12743,0.5161290322580645,75781.25,Normal
12746,0.9166666666666666,59772.72727272727,High
12747,0.3603158933859822,59417.80821917808,High
12748,0.508280982295831,69241.57303370787,Normal
12751,0.3822762814943527,44886.36363636363,High
12752,0.5298013245033113,67187.5,Normal
12754,0.391025641025641,50901.63934426229,High
12758,0.464091262639357,66759.77653631286,Normal
12759,0.331002331002331,42957.74647887324,High
12760,0.5411764705882353,64130.434782608696,Normal
12762,0.7428571428571429,62980.769230769234,High
12763,0.8723404255319149,58536.58536585367,High
12764,0.4670169293636894,77500.0,Normal
12765,0.4601571268237935,76524.39024390244,Normal
12766,0.2735562310030395,62499.99999999999,Normal
12768,0.5427251732101617,63829.78723404255,Normal
12771,0.448318804483188,60223.76543209877,Normal
12775,0.5618431689571544,80125.89928057554,Normal
12776,0.4295366795366795,68960.67415730338,Normal
12777,0.425531914893617,86111.11111111111,Normal
12778,0.9701492537313432,71153.84615384616,High
12779,0.4557291666666667,49523.80952380953,High
12780,0.5202821869488536,66313.55932203389,Normal
12783,0.4471256210078069,61904.76190476189,Normal
12786,0.5809859154929577,78030.30303030304,Normal
12787,0.99,60119.04761904761,High
12788,0.3731080605420626,60259.43396226414,Normal
12789,0.3553082191780822,57078.31325301205,High
12790,0.5655466161855183,63912.133891213394,Normal
12791,0.4492753623188406,69354.83870967742,Normal
12792,0.99,74404.7619047619,High
12801,0.5103700691337942,55660.690571049134,High
12803,0.5233348436792026,60254.329004329,Normal
12804,0.5092609242941917,72351.69491525424,Normal
12808,0.7960199004975125,84375.0,High
12809,0.4485049833887043,64891.975308641966,Normal
12810,0.5586592178770949,52083.33333333333,High
12814,0.7312775330396476,75000.0,High
12815,0.4367606915377616,70052.08333333334,Normal
12816,0.4604409857328145,64906.103286384976,Normal
12817,0.5996924654023578,69871.79487179487,Normal
12819,0.4195804195804196,43750.0,High
12821,0.0588730025231286,48214.28571428571,High
12822,0.4741935483870967,58248.299319727885,High
12823,0.298804780876494,69166.66666666667,Normal
12824,0.3952205882352941,81395.3488372093,Normal
12827,0.5172883201742445,63092.10526315789,Normal
12828,0.4984358706986444,59544.97907949791,High
12831,0.4929577464788732,80080.28792912513,Normal
12832,0.4239901325932778,59000.000000000015,High
12833,0.4337855914389451,77312.77533039649,Normal
12834,0.5174892189746046,68557.0987654321,Normal
12835,0.5068762278978389,65794.57364341085,Normal
12836,0.6073752711496746,70982.14285714286,High
12837,0.4436860068259385,55769.230769230766,High
12838,0.4299583911234396,56048.3870967742,High
12839,0.4577157802964254,53095.2380952381,High
12842,0.8652482269503546,61065.5737704918,High
12843,0.3834808259587021,55769.230769230766,High
12844,0.5119453924914675,90833.33333333334,Normal
12845,0.5707413076754866,73563.2183908046,Normal
12846,0.5226364846870839,62101.91082802547,Normal
12847,0.4657933042212518,67578.125,Normal
12849,0.6588235294117647,59821.42857142857,High
12850,0.5240014657383657,77272.72727272728,Normal
12851,0.5015673981191222,50000.0,High
12852,0.6027397260273972,66477.27272727272,High
12853,0.485859318346628,59514.92537313433,High
12855,0.5314009661835749,48863.63636363636,High
12857,0.3252032520325203,55208.33333333333,High
12859,0.5498652291105122,68627.45098039215,Normal
12860,0.989010989010989,54513.88888888889,High
12861,0.5035971223021583,69196.42857142858,Normal
12863,0.4190260475651189,79054.05405405405,Normal
12865,0.4756380510440835,59527.439024390245,High
12866,0.5219900548785201,88018.2625863771,Normal
12870,0.4911242603550296,65512.048192771086,Normal
12871,0.4836788182034787,71120.68965517242,Normal
12873,0.4228571428571429,69932.43243243244,Normal
12878,0.4563233376792698,54285.71428571428,High
12883,0.4711277882009589,58185.8407079646,High
12885,0.4828836998413058,51936.61971830986,High
12886,0.4761904761904761,60227.27272727273,Normal
12887,0.4597457627118644,54550.69124423964,High
12901,0.4375443248743486,59593.023255813954,High
12903,0.5630498533724341,71354.16666666666,Normal
12910,0.3976670201484623,57666.66666666667,High
12912,0.5583195135433942,55693.0693069307,High
12913,0.4642525533890436,63000.0,Normal
12914,0.3995433789954338,53928.57142857142,High
12916,0.3957894736842105,53723.404255319154,High
12917,0.5194805194805194,58398.4375,High
12918,0.4641350210970464,65495.867768595046,Normal
12919,0.5743740795287187,58573.71794871794,High
12920,0.4446274186908193,62847.22222222223,Normal
12921,0.4355400696864111,66000.0,Normal
12923,0.4940711462450592,55000.0,High
12926,0.4,51612.90322580645,High
12928,0.4975922953451043,58198.9247311828,High
12930,0.3558718861209964,57500.0,High
12932,0.5963302752293578,61538.46153846153,Normal
12934,0.3425229741019214,56097.56097560976,High
12935,0.4978662873399715,59285.71428571429,High
12936,0.4769001490312965,67578.125,Normal
12937,0.3961748633879781,52370.68965517242,High
12941,0.384160756501182,65769.23076923077,Normal
12942,0.6976744186046512,86805.55555555556,High
12943,0.7,63095.23809523809,High
12944,0.4708001029071263,56284.15300546448,High
12945,0.6439393939393939,65808.82352941176,High
12946,0.5655634687892752,69768.51851851851,Normal
12950,0.5688622754491018,54276.31578947368,High
12952,0.9056603773584906,52604.16666666666,High
12953,0.3662838699992494,58555.32786885247,High
12955,0.5217391304347826,59027.777777777774,High
12956,0.4326923076923077,56018.518518518526,High
12957,0.4250151791135397,51071.428571428565,High
12958,0.4975396391470749,58379.120879120885,High
12959,0.3831891223733004,54838.70967741936,High
12960,0.6,60648.14814814815,High
12962,0.5385072262918233,71737.13235294117,Normal
12965,0.8823529411764706,53645.83333333333,High
12966,0.3870558375634518,56045.08196721312,High
12967,0.3833605220228385,56382.97872340425,High
12969,0.821917808219178,61805.55555555556,High
12970,0.1814300960512273,61764.705882352944,Normal
12972,0.4525464604908498,69670.84639498433,Normal
12974,0.3310613437195716,55514.70588235294,High
12978,0.703125,52777.777777777774,High
12979,0.4696132596685083,63025.21008403361,Normal
12980,0.5008944543828264,52455.357142857145,High
12981,0.4714226115978306,64823.00884955751,Normal
12983,0.4716466739367502,66835.26011560694,Normal
12985,0.5245901639344263,55468.75,High
12986,0.4742345033607169,61368.11023622048,Normal
12987,0.7236842105263158,55681.81818181818,High
12989,0.4639175257731959,70277.77777777778,Normal
12992,0.6359300476947536,60052.083333333336,High
12993,0.4895960832313341,67500.0,Normal
12996,0.4689863842662632,58870.967741935485,High
12997,0.4930156121610518,64583.333333333336,Normal
12998,0.8503401360544217,47000.0,High
13021,0.4811370882040383,61257.59249033683,Normal
13026,0.3626943005181347,68849.20634920635,Normal
13027,0.498137277037706,77457.50708215298,Normal
13028,0.7169344870210136,62068.96551724138,High
13029,0.4696623508504696,75979.72972972973,Normal
13030,0.4915169660678642,65926.39593908629,Normal
13031,0.5577790483450861,77377.56264236901,Normal
13032,0.4603937374050534,61531.98653198653,Normal
13033,0.4807429664026222,64630.681818181816,Normal
13034,0.410484668644906,71536.14457831325,Normal
13035,0.464841906559698,87944.16243654823,Normal
13036,0.4800443458980044,64145.49653579677,Normal
13037,0.4674733684972593,71349.5575221239,Normal
13039,0.5459989432278518,78051.07526881719,Normal
13040,0.4580152671755725,56354.16666666667,High
13041,0.499075785582255,78051.3468013468,Normal
13042,0.5268389662027833,64504.71698113207,Normal
13044,0.4064771976206213,65650.40650406505,Normal
13045,0.4009660120041197,60163.86182462357,Normal
13052,0.476460578559274,61011.90476190476,Normal
13053,0.4451982192071231,68630.95238095237,Normal
13054,0.5582922824302134,60110.29411764706,Normal
13057,0.5408611905925047,65096.7741935484,Normal
13060,0.5053094104723544,63496.3768115942,Normal
13061,0.8133971291866029,78186.27450980392,High
13063,0.5129716981132075,79597.7011494253,Normal
13066,0.520702634880803,95463.10240963857,Normal
13068,0.5420678107994977,66650.57915057914,Normal
13069,0.4679613311660535,56307.1297989031,High
13071,0.5092592592592593,61931.81818181818,Normal
13072,0.3818615751789976,53906.25,High
13073,0.4513355848940743,62925.17006802722,Normal
13074,0.4221872894677745,57579.78723404255,High
13076,0.4552980132450331,68181.81818181818,Normal
13077,0.4920252783629251,64487.76758409786,Normal
13078,0.4371031563448974,95289.47368421052,Normal
13080,0.4745666382495027,67290.41916167663,Normal
13081,0.466786355475763,71394.23076923078,Normal
13082,0.6053333333333333,64317.18061674009,High
13083,0.4122674710910005,59908.53658536586,High
13084,0.6024730334122599,74399.56331877729,High
13088,0.5402938760609656,63080.658783783794,Normal
13090,0.5428707742639041,71107.97237915882,Normal
13092,0.392516507703595,60630.84112149532,Normal
13101,0.4937759336099585,55777.31092436974,High
13103,0.6637168141592921,35833.33333333333,High
13104,0.4661851608667104,97871.31882202304,Normal
13108,0.4917250159134309,80582.52427184467,Normal
13110,0.4897446630389284,75534.18803418803,Normal
13111,0.4134078212290503,53209.45945945945,High
13112,0.5439814814814815,73404.25531914894,Normal
13114,0.4123293226983912,64590.16393442623,Normal
13116,0.4901423877327491,69134.07821229051,Normal
13118,0.414730683187059,62344.39834024896,Normal
13120,0.5184851217312895,49130.434782608696,High
13122,0.5295315682281059,69711.53846153845,Normal
13126,0.4002425712553062,63378.09917355371,Normal
13131,0.565008025682183,62073.86363636363,Normal
13132,0.5350500715307582,65040.10695187165,Normal
13135,0.4907878017789072,64927.18446601942,Normal
13136,0.60790273556231,46250.0,High
13140,0.4405997693194925,55366.49214659686,High
13141,0.4885496183206106,60156.25,Normal
13142,0.4930509596293845,62835.570469798666,Normal
13143,0.5055225148683092,57037.81512605042,High
13144,0.4081632653061224,51620.370370370365,High
13145,0.5203761755485894,58885.5421686747,High
13146,0.4365808823529412,51973.68421052631,High
13147,0.5059203444564048,61436.17021276595,Normal
13148,0.4532891100055279,58866.86991869918,High
13152,0.5311688311688312,97463.32518337408,Normal
13155,0.4761904761904761,59722.22222222222,High
13156,0.4149377593360996,66666.66666666667,Normal
13158,0.4733727810650887,59375.0,High
13159,0.4920846843410261,78343.02325581395,Normal
13160,0.4111405835543766,66532.25806451612,Normal
13164,0.4779411764705882,79807.69230769231,Normal
13165,0.5130901061928294,55225.40983606558,High
13166,0.4515456755817992,62548.07692307693,Normal
13167,0.5633802816901409,65178.57142857143,Normal
13202,0.3355613149638521,50203.25203252032,High
13203,0.3683961146647714,43850.48231511254,High
13204,0.4102301790281329,39261.22194513716,High
13205,0.3951519176490121,38637.95518207283,High
13206,0.494226051576617,47805.690072639234,High
13207,0.47090112640801,49896.17940199336,High
13208,0.410496232787737,38330.696202531646,High
13209,0.5132488041910257,57932.69230769231,High
13210,0.3296071876305892,49881.14104595879,High
13211,0.5428954423592494,45949.07407407407,High
13212,0.5160383758116096,59553.99061032864,High
13214,0.4191482189010001,75368.6327077748,Normal
13215,0.5077879444017601,85453.92022008254,Normal
13219,0.5380214694349811,68862.00716845879,Normal
13224,0.4672897196261682,68222.89156626505,Normal
13302,0.5083514887436456,52678.57142857143,High
13303,0.416988416988417,67592.59259259258,Normal
13304,0.484627410109432,79838.70967741935,Normal
13308,0.3567396703544818,57436.70886075949,High
13309,0.4547803617571059,60937.5,Normal
13310,0.3703703703703703,57258.06451612903,High
13314,0.99,53676.470588235294,High
13315,0.405982905982906,61622.80701754386,Normal
13316,0.4803788903924222,59419.01408450704,High
13317,0.4297851074462768,59229.6511627907,High
13318,0.5681818181818182,57916.66666666666,High
13319,0.7454545454545455,49085.365853658535,High
13320,0.4124700239808153,61482.558139534885,Normal
13322,0.5591798695246971,65000.0,Normal
13323,0.4322482288583983,77645.22821576762,Normal
13324,0.5807622504537205,57552.08333333333,High
13325,0.4736275565123789,57102.27272727272,High
13326,0.5449127288207748,79003.90625,Normal
13327,0.452914798206278,56559.405940594064,High
13328,0.372157133011716,68055.55555555555,Normal
13329,0.4556962025316455,53163.58024691357,High
13331,0.99,71428.57142857142,High
13332,0.3856845031271717,56081.08108108107,High
13334,0.5938494167550371,58258.92857142858,High
13335,0.5239852398523985,59330.98591549296,High
13337,0.6278713629402757,80487.80487804877,High
13338,0.499194847020934,58870.967741935485,High
13339,0.44543063773833,52352.39852398524,High
13340,0.5067522396042252,60718.99736147757,Normal
13343,0.4676923076923077,60032.8947368421,Normal
13346,0.2978859705317104,83400.5376344086,Normal
13348,0.3774715398442181,60317.46031746031,Normal
13350,0.4022692109334708,53653.84615384616,High
13354,0.4840182648401826,70597.48427672956,Normal
13355,0.3511852502194907,58437.5,High
13357,0.4494709251528977,54724.62203023758,High
13360,0.99,59782.608695652176,High
13361,0.4689863842662632,54435.48387096774,High
13363,0.440016604400166,65212.2641509434,Normal
13365,0.4438395076340395,58366.66666666667,High
13367,0.4250172771250864,62567.75067750678,Normal
13368,0.4549509366636931,53676.470588235294,High
13402,0.5979760809567617,56346.15384615385,High
13403,0.3485254691689008,72621.45748987854,Normal
13406,0.508130081300813,58500.0,High
13407,0.4552529182879377,55769.230769230766,High
13408,0.3369790127106118,57785.08771929824,High
13409,0.5617408906882592,56081.08108108108,High
13411,0.5140357273058694,53634.75177304964,High
13413,0.4778282766244933,82005.14138817482,Normal
13416,0.4474272930648769,64625.0,Normal
13417,0.5575249758298421,53901.73410404624,High
13420,0.7509157509157509,68445.12195121951,High
13421,0.4783386482072023,59024.39024390243,High
13424,0.4925241864555849,64843.75,Normal
13425,0.5051078320090806,56179.77528089887,High
13428,0.3979125896934116,58401.63934426229,High
13431,0.4538421866941722,70454.54545454546,Normal
13433,0.4371584699453552,49479.16666666667,High
13437,0.6188925081433225,53947.36842105263,High
13438,0.5711422845691383,67470.76023391812,Normal
13439,0.4710632570659488,57785.71428571428,High
13440,0.4466236225059469,58172.554347826095,High
13441,0.5855855855855856,60576.92307692308,Normal
13450,0.3968253968253968,47500.0,High
13452,0.3918752564628642,54188.48167539267,High
13454,0.4644808743169399,57720.58823529411,High
13456,0.4978627105858687,73232.32323232324,Normal
13459,0.458984375,59840.425531914894,High
13460,0.484509666899604,55228.36538461538,High
13461,0.5098163394553515,70885.09316770187,Normal
13464,0.4176706827309236,49278.84615384616,High
13468,0.7560137457044673,56250.0,High
13469,0.296127562642369,68589.7435897436,Normal
13470,0.3943661971830985,53125.0,High
13471,0.5007530120481928,53571.428571428565,High
13473,0.301418439716312,60294.117647058825,Normal
13476,0.5478991596638656,63726.99386503067,Normal
13477,0.404040404040404,60416.66666666666,Normal
13478,0.4901315789473684,62332.214765100674,Normal
13480,0.4670169293636894,60625.0,Normal
13483,0.2863436123348017,50961.53846153846,High
13485,0.3241590214067278,55424.52830188679,High
13486,0.5284552845528455,65064.10256410256,Normal
13488,0.851063829787234,41666.66666666666,High
13489,0.5440900562851783,61206.89655172415,Normal
13490,0.5927180355630821,66964.28571428571,Normal
13491,0.430833117051648,60768.07228915663,Normal
13492,0.5186485300570426,72165.820642978,Normal
13493,0.3900226757369615,53779.06976744186,High
13494,0.7207207207207207,57031.25,High
13495,0.5045651129264777,53690.47619047618,High
13501,0.3887726638772664,45715.88725176169,High
13502,0.4234144043342559,51425.59109874826,High
13601,0.4202754878430554,55159.83860955928,High
13603,0.2434163701067615,53472.22222222222,High
13605,0.3801558639042007,65062.5,Normal
13606,0.5035080478745357,64344.26229508197,Normal
13607,0.5542857142857143,62500.0,Normal
13608,0.352035203520352,57617.1875,High
13612,0.4439511653718091,63020.833333333336,Normal
13613,0.4070660522273425,56839.62264150943,High
13614,0.3188405797101449,37500.0,High
13616,0.3822314049586777,48310.81081081081,High
13617,0.312603101286704,68436.67546174143,Normal
13618,0.5016538037486218,67170.32967032967,Normal
13619,0.3981176470588235,57978.723404255325,High
13620,0.4453049370764763,58423.91304347826,High
13621,0.4325259515570934,56500.0,High
13622,0.5491183879093199,67660.5504587156,Normal
13624,0.4398945874721265,70103.6866359447,Normal
13625,0.6125080593165699,68157.8947368421,High
13626,0.4031551270815074,65217.391304347824,Normal
13630,0.3534303534303534,56372.549019607846,High
13633,0.2830188679245283,40277.77777777777,High
13634,0.4788446921712693,66997.35449735449,Normal
13635,0.3456591639871382,57267.44186046512,High
13636,0.7344632768361582,49038.461538461546,High
13637,0.4696194079679501,49881.516587677725,High
13638,0.510752688172043,42763.15789473684,High
13640,0.8278145695364238,96500.0,High
13642,0.3745804915015698,57478.32369942197,High
13646,0.412051395657953,58467.74193548388,High
13648,0.4882909815645241,63647.95918367348,Normal
13650,0.4723247232472324,65429.6875,Normal
13652,0.4621380846325167,54819.27710843373,High
13654,0.3529411764705882,59077.38095238096,High
13655,0.4279095121286454,39888.53503184713,High
13656,0.3684210526315789,57352.94117647059,High
13658,0.468615649183147,60435.77981651376,Normal
13659,0.6596306068601583,59500.0,High
13660,0.4542996214169821,55952.38095238096,High
13661,0.3616438356164383,62500.0,Normal
13662,0.439908171495936,55535.96614950634,High
13664,0.594059405940594,69791.66666666666,Normal
13665,0.4679802955665024,53618.42105263157,High
13667,0.4572690003153579,51810.3448275862,High
13668,0.44375,60739.43661971831,Normal
13669,0.381451009723261,60355.39215686275,Normal
13670,0.391644908616188,44166.66666666666,High
13672,0.7712765957446809,58620.68965517242,High
13673,0.4623208506703652,55625.0,High
13676,0.3533394456590732,65194.61077844311,Normal
13679,0.7490974729241877,59789.156626506025,High
13680,0.3361945636623748,56382.97872340425,High
13681,0.3707518022657055,52083.333333333336,High
13682,0.4970414201183432,64880.95238095238,Normal
13684,0.4180887372013652,58163.26530612245,High
13685,0.5486968449931413,70833.33333333334,Normal
13687,0.5148514851485149,64903.84615384616,Normal
13690,0.4269081500646831,57575.757575757576,High
13691,0.4226705091258405,63541.66666666667,Normal
13693,0.9523809523809524,70089.28571428571,High
13694,0.6384676775738228,67968.75,High
13696,0.5747126436781609,45000.0,High
13697,0.5109100585417775,57421.875,High
13730,0.4423545802856147,56200.78740157481,High
13731,0.499001996007984,74250.0,Normal
13732,0.4916524253976601,75969.2513368984,Normal
13733,0.4495939790057437,58149.77973568282,High
13734,0.40893760539629,56056.70103092783,High
13736,0.6032097399003874,57798.16513761469,High
13739,0.5368289637952559,57558.139534883725,High
13740,0.4642857142857143,80769.23076923078,Normal
13743,0.4979375368296995,60872.78106508876,Normal
13744,0.3679175864606328,60750.0,Normal
13746,0.5882352941176471,62797.619047619046,Normal
13748,0.4601063829787234,60332.36994219652,Normal
13750,0.6751054852320675,53645.833333333336,High
13751,0.5741626794258373,37500.0,High
13752,0.4262672811059907,63513.51351351352,Normal
13753,0.3432862506704809,65364.58333333333,Normal
13754,0.4894578313253012,55865.38461538462,High
13755,0.6531531531531531,55172.41379310345,High
13756,0.345821325648415,49479.16666666666,High
13757,0.3767660910518053,64583.33333333333,Normal
13760,0.4912118408880666,63782.95668549906,Normal
13775,0.4374307862679956,65664.55696202532,Normal
13776,0.7178217821782178,65086.206896551725,High
13777,0.9595959595959596,54276.31578947368,High
13778,0.4879416713404375,62547.89272030651,Normal
13780,0.5452436194895591,58510.63829787234,High
13782,0.4383561643835616,58984.375,High
13783,0.4461604461604461,54687.5,High
13786,0.4371584699453552,67187.5,Normal
13787,0.482556243886534,53969.5945945946,High
13788,0.4692387904066736,57222.22222222222,High
13790,0.4552303056392596,51418.43971631205,High
13795,0.5788761002031144,57821.63742690058,High
13796,0.5823293172690763,56681.03448275862,High
13797,0.4560892770499757,54920.21276595745,High
13801,0.3676470588235294,51590.90909090909,High
13802,0.3892493049119555,61309.5238095238,Normal
13803,0.4301075268817204,58831.52173913044,High
13804,0.8421052631578947,63281.25,High
13807,0.4629629629629629,60208.33333333333,Normal
13808,0.5728788977519942,60284.81012658229,Normal
13809,0.3615071283095723,54577.4647887324,High
13810,0.4126984126984127,60336.53846153846,Normal
13811,0.4660194174757281,61718.75,Normal
13812,0.4273877017008286,58035.71428571429,High
13813,0.3536693191865606,56250.0,High
13815,0.4541586073500967,57048.55195911414,High
13820,0.3431111111111111,61496.113989637306,Normal
13825,0.5003270111183781,59232.02614379085,High
13827,0.4519966015293118,63416.35338345864,Normal
13830,0.4135414555037502,57904.41176470588,High
13832,0.512249443207127,49456.52173913043,High
13833,0.4375145450314173,59574.468085106375,High
13835,0.4765564950038432,56048.38709677419,High
13838,0.4643574297188755,53581.08108108108,High
13839,0.4776345716451857,55952.38095238095,High
13841,0.4761904761904761,55434.78260869565,High
13842,0.3278688524590163,60000.0,High
13843,0.3629417382999045,56250.0,High
13844,0.5172413793103449,52651.51515151515,High
13846,0.4336043360433604,60156.25,Normal
13849,0.4656419529837251,58009.70873786408,High
13850,0.4285592932381923,78035.18334985134,Normal
13856,0.4403760514596734,55945.692883895135,High
13861,0.7048458149779736,64453.125,High
13862,0.5024311183144247,58534.94623655912,High
13863,0.4228329809725158,41250.0,High
13864,0.4529616724738676,52403.84615384616,High
13865,0.4416666666666666,61556.603773584895,Normal
13901,0.426948295710496,59657.092614302455,High
13903,0.4539306389655358,61397.49702026221,Normal
13904,0.4379408358774608,52073.31730769231,High
13905,0.3902721063852853,55046.2962962963,High
14001,0.5304924448309599,68980.53278688525,Normal
14004,0.4752101561159718,70036.10108303248,Normal
14005,0.4508393285371702,60904.25531914893,Normal
14006,0.4945756222080408,61612.90322580645,Normal
14008,0.5018820577164367,53125.0,High
14009,0.489318970239182,59561.56716417911,High
14011,0.3721955647775904,63153.31010452961,Normal
14012,0.3708609271523179,59933.03571428572,High
14013,0.4357798165137614,54769.73684210526,High
14020,0.4531681668300508,57153.392330383474,High
14024,0.4520464263897373,64695.94594594595,Normal
14025,0.4235482152370804,77830.18867924529,Normal
14026,0.8893280632411067,73333.33333333333,High
14028,0.4884318766066838,67105.26315789473,Normal
14030,0.3667481662591687,62000.0,Normal
14031,0.5482705214248839,86440.6779661017,Normal
14032,0.445516458569807,95222.92993630574,Normal
14033,0.8493150684931506,79939.51612903224,High
14034,0.3302825308396339,61897.59036144578,Normal
14036,0.4365519792822789,68167.37288135593,Normal
14037,0.6438213914849429,69758.06451612903,High
14040,0.5780989438576987,67307.6923076923,Normal
14042,0.395185101067454,51652.29885057471,High
14043,0.5177253769650305,61260.65065840434,Normal
14047,0.5043110460387181,66693.54838709677,Normal
14048,0.4374453193350831,47730.769230769234,High
14051,0.5494505494505495,96244.23963133642,Normal
14052,0.5239064089521872,84641.3160733549,Normal
14054,0.471976401179941,62890.625,Normal
14055,0.5017182130584192,69178.08219178082,Normal
14057,0.5437044745057232,73714.1148325359,Normal
14058,0.4194352159468438,63985.14851485149,Normal
14059,0.5192647211548448,85000.0,Normal
14060,0.5617977528089888,52500.0,High
14062,0.4767763764995386,59435.48387096774,High
14063,0.3954888363941172,65269.74951830443,Normal
14065,0.4579278763594734,55781.25,High
14066,0.4208600182982616,55978.260869565216,High
14067,0.6231380337636544,62749.00398406375,High
14068,0.4530663329161452,85497.23756906077,Normal
14069,0.6349206349206349,74062.5,High
14070,0.3653410927901713,54811.94690265487,High
14072,0.5285767650354875,82133.39222614841,Normal
14075,0.5240977359336472,73577.84431137725,Normal
14080,0.5005931198102017,72334.1232227488,Normal
14081,0.415807560137457,57644.62809917356,High
14082,0.3427719821162444,62500.0,Normal
14085,0.4880694143167028,83549.38271604937,Normal
14086,0.5318755160730048,80072.26980728052,Normal
14091,0.3875,55040.32258064516,High
14092,0.5645314578977381,75968.01346801347,Normal
14094,0.5037573058725299,62445.73796369377,Normal
14098,0.4513668150031786,59683.098591549286,High
14101,0.4395008138903961,53703.70370370371,High
14102,0.4233870967741935,77579.36507936507,Normal
14103,0.4609106927571177,53898.39034205231,High
14105,0.4270670826833073,60216.89497716895,Normal
14108,0.5434163024890747,61363.63636363636,Normal
14111,0.492063492063492,64193.54838709677,Normal
14113,0.5539358600583091,67105.26315789473,Normal
14120,0.516503805106498,66030.95030514385,Normal
14125,0.4776536312849162,59137.42690058479,High
14127,0.5360172256296489,87933.65794278758,Normal
14129,0.4769230769230769,57258.06451612903,High
14131,0.4998070243149363,66216.21621621621,Normal
14132,0.4440125579309313,66792.9292929293,Normal
14134,0.99,54166.66666666666,High
14136,0.4529480671612651,58189.6551724138,High
14138,0.4291845493562232,54062.5,High
14139,0.5689488910318226,76165.25423728814,Normal
14141,0.505872931126535,64281.002638522434,Normal
14143,0.6238185255198487,66666.66666666667,High
14145,0.6467661691542289,69391.02564102564,High
14150,0.5241702045542261,60239.30050621261,Normal
14167,0.412647374062165,65259.74025974026,Normal
14170,0.5488079172289698,79610.65573770492,Normal
14171,0.5919003115264797,60394.73684210526,Normal
14172,0.507926237463604,68391.71974522293,Normal
14174,0.5107055107055107,75816.15120274914,Normal
14201,0.3858036916739285,45302.87474332649,High
14202,0.4885371179039301,73044.69273743016,Normal
14203,0.4351464435146444,59975.96153846154,High
14204,0.4643882076702322,39009.83146067416,High
14206,0.4312804934180245,42796.157950907145,High
14207,0.3980699638118214,35948.19159335288,High
14208,0.3358714043993231,34225.44080604534,High
14209,0.398755330183243,63258.670520231215,Normal
14210,0.4095696268365622,42083.333333333336,High
14211,0.3831338276104875,31364.864864864867,High
14212,0.3527641970665663,34781.44989339019,High
14213,0.4015846538782318,40939.77154724819,High
14214,0.3473070139736806,57991.53645833333,High
14215,0.3887367824773414,37454.46265938069,High
14216,0.457745012287059,65150.13648771611,Normal
14217,0.5082675275947821,62811.15879828326,Normal
14218,0.4217615590370653,48117.21404303512,High
14219,0.5472636815920398,57428.45117845118,High
14220,0.4869179971579035,55461.37339055795,High
14221,0.5086188165423337,86957.10217159131,Normal
14222,0.3766514227642276,74262.22596964586,Normal
14223,0.5435459478694067,66673.48608837971,Normal
14224,0.5392072646950546,68565.08875739646,Normal
14225,0.5228547103895722,53712.801796743406,High
14226,0.5018276227240119,74149.08100748809,Normal
14227,0.5583946739181396,59225.44080604534,High
14228,0.413371675053918,68103.86473429951,Normal
14301,0.3942062381696979,36560.54279749478,High
14303,0.3815554473128754,36489.36170212766,High
14304,0.5230564691064307,57658.86287625418,High
14305,0.4305931948208371,46783.21678321678,High
14411,0.4346446700507614,53375.912408759126,High
14414,0.5056759545923633,68513.1195335277,Normal
14416,0.4921052631578947,65240.64171122995,Normal
14418,0.4895738893925657,64120.370370370365,Normal
14420,0.4256705941338681,63501.177856301525,Normal
14422,0.6125921724333523,64814.81481481481,High
14423,0.4667753770892784,67521.83406113538,Normal
14424,0.4999650129452103,71509.79706088174,Normal
14425,0.511324899628816,70296.29629629629,Normal
14427,0.5171411969785009,59410.11235955056,High
14428,0.0,73942.51626898047,Normal
14432,0.4692028985507246,60328.185328185325,Normal
14433,0.4595545134818288,55548.4693877551,High
14435,0.0,72946.42857142858,Normal
14437,0.4766579406631762,58981.6933638444,High
14441,0.0,54411.76470588236,High
14445,0.5111197815060476,54675.572519083966,High
14450,0.51088621698157,86835.52930486143,Normal
14454,0.0,74402.86624203822,Normal
14456,0.4354415033340069,58323.66589327146,High
14462,0.0,66810.3448275862,Normal
14464,0.5213341346153846,59438.04034582133,High
14466,0.0,67921.68674698795,Normal
14467,0.0,67137.09677419355,Normal
14468,0.5199830382699036,74388.37920489296,Normal
14469,0.0,69477.73972602739,Normal
14470,0.4899399007055134,57866.66666666667,High
14471,0.0,67763.15789473684,Normal
14472,0.48582995951417,91385.13513513516,Normal
14475,0.0,77777.77777777777,Normal
14476,0.4185290532303941,63713.59223300971,Normal
14477,0.4366028708133971,62328.76712328768,Normal
14478,0.3287070854638422,82500.0,Normal
14480,0.0,58055.55555555556,High
14481,0.4845070422535211,60465.11627906977,Normal
14482,0.0,62135.92233009709,Normal
14485,0.0,69458.76288659793,Normal
14486,0.6666666666666666,65441.17647058824,High
14487,0.0,73293.51535836178,Normal
14489,0.0,54595.01557632398,High
14502,0.0,73170.15209125476,Normal
14504,0.0,50000.0,High
14505,0.5187908496732027,64074.8031496063,Normal
14506,0.0,101190.47619047618,Normal
14507,0.0,58203.125,High
14510,0.4667224780242779,52578.47533632288,High
14512,0.0,63656.38766519824,Normal
14513,0.0,53929.69984202211,High
14514,0.0,69410.87613293051,Normal
14516,0.4271457085828343,61682.2429906542,Normal
14517,0.0,59523.80952380953,High
14519,0.0,73902.82131661441,Normal
14521,0.368389780154486,57056.45161290322,High
14522,0.0,60050.67567567567,Normal
14525,0.5086750788643533,65213.17829457364,Normal
14526,0.5451413517073666,88289.96282527881,Normal
14527,0.0,61345.81881533101,Normal
14530,0.0,56451.6129032258,High
14532,0.5663808781501689,61869.26605504588,Normal
14533,0.0,64610.38961038961,Normal
14534,0.0,108252.72067714632,Normal
14536,0.4510108864696734,52586.206896551725,High
14541,0.2923497267759563,65070.09345794392,Normal
14543,0.0,83008.98203592816,Normal
14544,0.4172461752433936,64166.66666666666,Normal
14546,0.4959349593495935,68032.7868852459,Normal
14548,0.0,59821.428571428565,High
14550,0.0,55921.05263157895,High
14551,0.0,52043.72623574144,High
14555,0.0,74489.79591836734,Normal
14559,0.0,74581.98489751888,Normal
14560,0.4405086285195277,66108.24742268042,Normal
14561,0.5793450881612091,64039.85507246376,Normal
14564,0.5160564788204424,93538.13559322032,Normal
14568,0.4835407150732398,74633.55048859934,Normal
14569,0.4556129638327853,60309.278350515466,Normal
14571,0.0,56153.84615384616,High
14572,0.0,57254.46428571428,High
14580,0.524578136463683,81097.02797202798,Normal
14585,0.0,43269.23076923077,High
14586,0.4874213836477987,72237.90322580645,Normal
14589,0.5026792549119673,62277.918781725886,Normal
14590,0.4430997462424361,56718.06167400882,High
14591,0.0,59603.65853658537,High
14604,0.0,60447.76119402985,Normal
14605,0.0,28441.176470588234,High
14606,0.0,47463.90577507599,High
14607,0.0,55323.19391634982,High
14608,0.3712910986367281,34881.20950323974,High
14609,0.4840278115427627,49736.31341034656,High
14610,0.0,81492.63721552878,Normal
14611,0.0,31901.24416796267,High
14612,0.5160924429320857,66009.61538461539,Normal
14613,0.0,33566.90777576854,High
14614,0.0,68333.33333333333,Normal
14615,0.0,44604.76787954831,High
14616,0.0,51675.08417508417,High
14617,0.5516143701682583,71856.96619950536,Normal
14618,0.0,94990.5482041588,Normal
14619,0.0,41451.6129032258,High
14620,0.0,58530.805687203785,High
14621,0.3748180494905386,31998.381877022657,High
14622,0.5152701644479248,61208.20668693009,Normal
14623,0.3914014947222436,54982.77559055118,High
14624,0.0,65615.57788944725,Normal
14625,0.5418860698898995,83392.2261484099,Normal
14626,0.0,65426.18900555899,Normal
14701,0.0,49720.14925373135,High
14706,0.0,67712.01413427563,Normal
14709,0.5564516129032258,54891.30434782609,High
14710,0.5056,63370.25316455697,Normal
14711,0.0,52702.70270270271,High
14712,0.0,73214.28571428572,Normal
14714,0.0,56250.0,High
14715,0.0,50548.24561403509,High
14716,0.0,49876.23762376238,High
14717,0.4964539007092198,57142.85714285714,High
14718,0.0,61206.89655172415,Normal
14719,0.0,54999.99999999999,High
14723,0.0,59210.526315789466,High
14724,0.365482233502538,58449.07407407407,High
14726,0.1421800947867298,48397.4358974359,High
14727,0.4677060133630289,58008.65800865801,High
14728,0.0,62228.260869565216,Normal
14729,0.4920049200492005,62812.5,Normal
14731,0.6475409836065574,79746.83544303798,High
14733,0.0,53376.43678160919,High
14735,0.0,53155.33980582525,High
14736,0.99,60795.454545454544,High
14737,0.0,56104.6511627907,High
14738,0.0,58773.29192546583,High
14739,0.0,47351.69491525424,High
14740,0.4856115107913669,60416.66666666666,Normal
14741,0.4769475357710652,61111.11111111111,Normal
14743,0.0,57432.43243243243,High
14744,0.0,56510.41666666666,High
14747,0.4582730342498794,52631.57894736842,High
14748,0.0,50446.42857142857,High
14750,0.0,71420.94017094017,Normal
14753,0.0,48437.5,High
14754,0.0,55833.33333333333,High
14755,0.0,53822.31404958678,High
14757,0.0,61428.57142857144,Normal
14760,0.0,54110.63569682152,High
14767,0.3222958057395143,54623.28767123287,High
14769,0.0,53197.67441860465,High
14770,0.4466759002770083,55523.25581395349,High
14772,0.4107187578261958,57164.634146341465,High
14775,0.0,49107.14285714286,High
14777,0.0,56250.0,High
14779,0.0,45616.319444444445,High
14781,0.0,52808.98876404494,High
14782,0.0,54947.91666666666,High
14784,0.0,50937.5,High
14787,0.0,57070.13574660634,High
14801,0.0,57912.84403669726,High
14802,0.0,66319.44444444444,Normal
14803,0.0,63679.24528301887,Normal
14804,0.0,60685.48387096774,Normal
14805,0.6797385620915033,59375.0,High
14806,0.4513727315030246,58762.886597938144,High
14807,0.0,62590.57971014493,Normal
14808,0.0,48557.69230769231,High
14809,0.0,55168.269230769234,High
14810,0.0,54534.06813627255,High
14812,0.0,57939.18918918919,High
14813,0.0,55392.15686274511,High
14814,0.0,81691.9191919192,Normal
14815,0.0,59821.42857142857,High
14816,0.0,58984.375,High
14817,0.0,65846.45669291339,Normal
14818,0.0,68206.52173913043,Normal
14819,0.0,47321.428571428565,High
14820,0.0,59051.72413793103,High
14821,0.0,61019.73684210526,Normal
14822,0.0,52659.57446808511,High
14823,0.0,56682.389937106906,High
14824,0.0,54687.5,High
14825,0.0,55902.77777777778,High
14826,0.0,57303.37078651685,High
14830,0.0,68703.50690754516,Normal
14836,0.0,62500.0,Normal
14837,0.0,57626.14678899083,High
14838,0.0,60465.11627906977,Normal
14839,0.0,51612.90322580645,High
14840,0.0,76490.06622516557,Normal
14841,0.0,68452.38095238095,Normal
14842,0.0,62878.78787878789,Normal
14843,0.0,54263.392857142855,High
14845,0.0,70899.209486166,Normal
14846,0.0,58984.375,High
14847,0.0,61009.17431192661,Normal
14850,0.0,75349.76323719329,Normal
14853,0.0,29807.69230769231,High
14855,0.0,48263.88888888888,High
14858,0.0,66493.05555555556,Normal
14859,0.0,55882.35294117648,High
14860,0.0,57107.8431372549,High
14861,0.0,53389.83050847458,High
14864,0.0,52455.357142857145,High
14865,0.0,60668.103448275855,Normal
14867,0.0,56959.70695970696,High
14869,0.0,60491.07142857144,Normal
14870,0.0,76793.59823399558,Normal
14871,0.0,72656.25,Normal
14872,0.0,52403.84615384616,High
14873,0.0,53068.181818181816,High
14874,0.0,59722.22222222222,High
14877,0.0,58333.33333333333,High
14878,0.0,59926.470588235294,High
14879,0.0,56377.55102040816,High
14880,0.0,53392.85714285714,High
14881,0.0,58333.33333333333,High
14882,0.0,78542.78074866309,Normal
14883,0.0,59325.39682539682,High
14884,0.0,54166.66666666666,High
14885,0.0,50000.0,High
14886,0.0,71253.82262996942,Normal
14889,0.0,56066.17647058824,High
14891,0.0,58128.078817734,High
14892,0.0,55246.47887323944,High
14894,0.0,54025.42372881356,High
14895,0.0,54655.61224489796,High
14897,0.0,54044.117647058825,High
14898,0.0,54464.28571428572,High
14901,0.0,44556.84007707129,High
14903,0.0,63550.42016806723,Normal
14904,0.0,44295.93373493976,High
14905,0.0,68335.24027459955,Normal
